Basin,WTRSHDGRPC
Coast,ALBN
Coast,ATNA
Coast,BELA
Coast,BRKS
Coast,CAMB
Coast,CLAY
Coast,COMX
Coast,COWN
Coast,GOLD
Coast,GRAI
Coast,HOLB
Coast,HOMA
Coast,JERV
Coast,KEEC
Coast,KHTZ
Coast,KITL
Coast,KITR
Coast,KLIN
Coast,KNIG
Coast,KSHR
Coast,KTSU
Coast,KUMR
Coast,LDEN
Coast,LRDO
Coast,MBNK
Coast,MORI
Coast,NASC
Coast,NBNK
Coast,NECL
Coast,NEVI
Coast,NIEL
Coast,NIMP
Coast,OWIK
Coast,PARK
Coast,PORI
Coast,SALM
Coast,SANJ
Coast,SEYM
Coast,SKGT
Coast,SQAM
Coast,TAHS
Coast,TATR
Coast,TOBA
Coast,TSAY
Coast,TSIT
Coast,UDEN
Coast,UNUR
Coast,VICT
Coast,WORC
Columbia River,BULL
Columbia River,CANO
Columbia River,CLRH
Columbia River,COLR
Columbia River,DUNC
Columbia River,ELKR
Columbia River,KETL
Columbia River,KHOR
Columbia River,KOTL
Columbia River,KOTR
Columbia River,LARL
Columbia River,OKAN
Columbia River,REVL
Columbia River,SIML
Columbia River,SLOC
Columbia River,SMAR
Columbia River,UARL
Fraser River,ADMS
Fraser River,BBAR
Fraser River,BIGC
Fraser River,BLAR
Fraser River,BONP
Fraser River,BOWR
Fraser River,BRID
Fraser River,CARR
Fraser River,CHES
Fraser River,CHIL
Fraser River,CHIR
Fraser River,CHWK
Fraser River,CLWR
Fraser River,COTR
Fraser River,DEAD
Fraser River,DOGC
Fraser River,DRIR
Fraser River,EUCH
Fraser River,EUCL
Fraser River,FRAN
Fraser River,FRCN
Fraser River,GRNL
Fraser River,GUIC
Fraser River,HARR
Fraser River,HERR
Fraser River,HORS
Fraser River,LCHL
Fraser River,LCHR
Fraser River,LEUT
Fraser River,LFRA
Fraser River,LILL
Fraser River,LNIC
Fraser River,LNRS
Fraser River,LNTH
Fraser River,LSAL
Fraser River,LTRE
Fraser River,MAHD
Fraser River,MCGR
Fraser River,MFRA
Fraser River,MIDR
Fraser River,MORK
Fraser River,MURT
Fraser River,MUSK
Fraser River,NARC
Fraser River,NAZR
Fraser River,NECR
Fraser River,NICL
Fraser River,QUES
Fraser River,SAJR
Fraser River,SALR
Fraser River,SETN
Fraser River,SHUL
Fraser River,STHM
Fraser River,STUL
Fraser River,STUR
Fraser River,TABR
Fraser River,TAKL
Fraser River,TASR
Fraser River,THOM
Fraser River,TWAC
Fraser River,UCHR
Fraser River,UEUT
Fraser River,UFRA
Fraser River,UNRS
Fraser River,UNTH
Fraser River,USHU
Fraser River,UTRE
Fraser River,WILL
Mackenzie River,BEAV
Mackenzie River,BLUR
Mackenzie River,CARP
Mackenzie River,COAL
Mackenzie River,CRKD
Mackenzie River,CRYL
Mackenzie River,DEAL
Mackenzie River,DEAR
Mackenzie River,DUNE
Mackenzie River,FINA
Mackenzie River,FINL
Mackenzie River,FIRE
Mackenzie River,FONT
Mackenzie River,FOXR
Mackenzie River,FROG
Mackenzie River,GATA
Mackenzie River,HAYR
Mackenzie River,INGR
Mackenzie River,KAHN
Mackenzie River,KCHL
Mackenzie River,KISK
Mackenzie River,LBTN
Mackenzie River,LFRT
Mackenzie River,LHAF
Mackenzie River,LIAR
Mackenzie River,LKEC
Mackenzie River,LMUS
Mackenzie River,LOMI
Mackenzie River,LPCE
Mackenzie River,LPET
Mackenzie River,LPRO
Mackenzie River,LRAN
Mackenzie River,LSIK
Mackenzie River,MDEA
Mackenzie River,MESI
Mackenzie River,MFRT
Mackenzie River,MILL
Mackenzie River,MMUS
Mackenzie River,MPRO
Mackenzie River,MURR
Mackenzie River,NATR
Mackenzie River,OSPK
Mackenzie River,PARA
Mackenzie River,PARS
Mackenzie River,PCEA
Mackenzie River,PINE
Mackenzie River,SAHD
Mackenzie River,SAHT
Mackenzie River,SHEK
Mackenzie River,SMOK
Mackenzie River,TOAD
Mackenzie River,TOOD
Mackenzie River,TSEA
Mackenzie River,TURN
Mackenzie River,UBTN
Mackenzie River,UFRT
Mackenzie River,UHAF
Mackenzie River,UKEC
Mackenzie River,ULRD
Mackenzie River,UMUS
Mackenzie River,UOMI
Mackenzie River,UPCE
Mackenzie River,UPET
Mackenzie River,UPRO
Mackenzie River,USIK
Nass River,KINR
Nass River,LBIR
Nass River,LNAR
Nass River,NASR
Nass River,TAYR
Nass River,UBIR
Nass River,UNAR
Skeena River,BABL
Skeena River,BABR
Skeena River,BULK
Skeena River,KISP
Skeena River,KLUM
Skeena River,LKEL
Skeena River,LSKE
Skeena River,MORR
Skeena River,MSKE
Skeena River,SUST
Skeena River,USKE
Skeena River,ZYMO
Stikine River,BARR
Stikine River,CHUK
Stikine River,ISKR
Stikine River,KAKC
Stikine River,KLAR
Stikine River,LISR
Stikine River,LSTR
Stikine River,MESC
Stikine River,MSTR
Stikine River,PITR
Stikine River,SPAT
Stikine River,STIR
Stikine River,TAHR
Stikine River,TUYR
Stikine River,UISR
Stikine River,USTK
Taku River,INKR
Taku River,NAHR
Taku River,NAKR
Taku River,SHER
Yukon River,ATLL
Yukon River,GLAR
Yukon River,JENR
Yukon River,KUSR
Yukon River,SWIR
Yukon River,TESR
Yukon River,TUTR
Yukon River,UJER
